variable,importancia
dias_como_cliente,0.16922806981195979
gasto_total,0.16188096347667688
recencia,0.1369140355520965
total_compras,0.1348273439578182
gasto_promedio,0.1317233743443941
tendencia_gasto,0.13084772930283367
frecuencia_compra,0.11688001133337057
categorias_distintas,0.017698472220850407
