variable,importancia
producto_clientes,0.30422347012915707
producto_popularidad,0.2562568257187106
producto_ventas_promedio,0.1676872526586549
cliente_gasto_promedio,0.07846899958991074
cliente_categorias,0.05358837520134208
cliente_frecuencia,0.051522072069992736
cliente_total_compras,0.04559314240345188
cliente_recencia,0.021740585229911947
cliente_tendencia,0.020919276998868017
