Métrica,Valor (%)
Precision,95.23200584581659
Recall,99.30362116991643
F1-Score,97.16861350939564
Accuracy,95.09351469516639
