nombre,r2,mae,rmse,precision_3dias,precision_5dias,precision_7dias,precision_10dias,precision_14dias,precision_porcentual_20,mejor_precision,cv_mae,cv_std,objetivo_cumplido,objetivo_parcial_cumplido,accuracy,precision,recall,f1_score,auc_roc,cv_mean
Predicci贸n Pr贸xima Compra,5.9868628823789294e-05,14.68931544456964,18.01325318770607,10.131332082551594,16.51031894934334,22.88930581613508,34.8968105065666,55.72232645403376,14.258911819887429,22.88930581613508,14.158139342543256,0.4873205688766467,False,False,,,,,,
Predicci贸n de Productos,,,,,,,,,,,,12.888450984650786,True,,98.88268156424581,99.15966386554622,98.60724233983287,98.88268156424581,0.9994187089877734,89.16201117318437
Detecci贸n de Cambios,,,,,,,,,,,,5.180128039654028,True,,91.30434782608695,91.30434782608695,100.0,95.45454545454545,,88.61660079051383
