Variable,F-statistic,p-value,Significativo
frecuencia,9.488218711832882,2.4966119853447082e-06,Sí
recencia_dias,12.58951940365249,5.423833896589183e-08,Sí
valor_total,38.48625615107261,6.245290469698579e-18,Sí
ticket_promedio,101.00184598017321,1.8447333990129936e-30,Sí
num_categorias,90.00964320154279,8.165053133087517e-29,Sí
