variable,importancia
gasto_total_historico,0.14032199121023456
intervalo_promedio_historico,0.13645231788427256
gasto_promedio_historico,0.12107821655516243
variabilidad_intervalos,0.11980556042803771
total_compras_historicas,0.09871024925898864
regularidad_compras,0.08456214892469069
recencia_desde_anterior,0.07863355408681215
tendencia_gasto,0.07103595587801897
mes,0.051714585184108985
semana_mes,0.042744607431698826
productos_distintos,0.04038572219545618
trimestre,0.014555090962518369
