,cluster_id,n_clientes,porcentaje,frecuencia_promedio,frecuencia_mediana,recencia_promedio,recencia_mediana,valor_promedio,valor_mediano,ticket_promedio,ticket_mediano,tipo_negocio_principal,ciudad_principal,dominancia_tipo,distribucion_tipos,num_categorias,intensidad_compra,tendencia_gasto,grupo_objetivo,nombre,color
0,0,14,12.280701754385964,87.21428571428571,86.0,4.357142857142857,3.5,291582.1821428571,293369.11,3341.234285714286,3388.9049999999997,FRIAL,El ALTO,1.0,{'FRIAL': 14},4.857142857142857,3341.2336771446644,0.15022137702092783,2,🏪 Mayoristas (Mercados y Tiendas),#4ECDC4
1,1,53,46.49122807017544,112.30188679245283,114.0,2.4716981132075473,2.0,215663.33754716982,219351.92,1925.2724528301887,1965.44,PUESTO DE MERCADO,El ALTO,0.5283018867924528,"{'PUESTO DE MERCADO': 28, 'PIZZERIA': 23, 'MINIMARKET': 2}",4.884615384615385,1925.2727658432955,0.11103518674877424,0,🌟 Premium de Alto Volumen (Pizzerías establecidas),#FFD700
2,2,25,21.929824561403507,116.92,115.0,3.72,3.0,387291.91400000005,393346.65,3316.138,3329.28,FRIAL,El ALTO,1.0,{'FRIAL': 25},4.916666666666667,3316.137098233059,0.14161419003408404,1,🍽️ Frecuentes Especializados (Restaurantes),#FF6B6B
3,3,13,11.403508771929824,87.92307692307692,87.0,12.384615384615385,13.0,164553.32230769232,159960.42,1891.2846153846153,1954.52,PUESTO DE MERCADO,El ALTO,0.6153846153846154,"{'PUESTO DE MERCADO': 8, 'PIZZERIA': 4, 'HAMBURGUESERIA': 1}",4.769230769230769,1891.2840494189086,-0.002028625652795469,4,🔄 Ocasionales (Compras esporádicas),#96CEB4
4,4,9,7.894736842105263,112.11111111111111,116.0,3.0,2.0,74744.70666666667,70240.38,671.8811111111111,684.45,SALCHIPAPERIA,El ALTO,0.3333333333333333,"{'SALCHIPAPERIA': 3, 'HAMBURGUESERIA': 2, 'TIENDA': 1, 'PIZZERA': 1, 'SALTEÑERIA': 1, 'RESTAURANTE': 1}",5.0,671.8794675716442,-0.056393477674332546,3,🌱 Emergentes (Negocios nuevos),#45B7D1
